<!DOCTYPE hibernate-configuration PUBLIC
        "-//Hibernate/Hibernate Configuration DTD 3.0//EN"
        "http://hibernate.sourceforge.net/hibernate-configuration-3.0.dtd">
<hibernate-configuration>
    <session-factory>
        
        <property name="hibernate.connection.driver_class">com.mysql.cj.jdbc.Driver</property>
        <property name="hibernate.connection.url">jdbc:mysql://localhost:3306/hospitaldb_exam</property>
        <property name="hibernate.connection.username">root</property>
        <property name="hibernate.connection.password">Yegn@2110</property>

        <property name="hibernate.dialect">org.hibernate.dialect.MySQLDialect</property>

        <property name="hibernate.show_sql">true</property>

        <property name="hibernate.hbm2ddl.auto">update</property>

        <mapping class="com.java.hoscust.Hospital"/>
        <mapping class="com.java.hoscust.Admin"/>
        <mapping class="com.java.hoscust.Doctor"/>
        <mapping class="com.java.hoscust.AddDoctorTag"/>
        <mapping class="com.java.hoscust.AddAdminTag"/>
        <mapping class="com.java.hoscust.AddHospitalTag"/>
        <mapping class="com.java.hoscust.Appointment"/>
    </session-factory>
</hibernate-configuration>
